node,mean_state,lower_bound90,upper_bound90
A,19.98276052005675,19.96574394348697,19.98764961659557
B,1.0,1,1
C,2.0833246528139467e-05,0,0
D,3.224727489626547e-05,5.5127480289576935e-06,2.158250484508844e-05
E,0.5,0.5,0.5
F,57.98538339423586,58,58
G,0.4974252534216716,0.4973051159376672,0.4973051159376672
