node,mean_state,lower_bound90,upper_bound90
A,51.1875913684695,14.768935168341818,53.67302634406173
B,0.0001322944104174887,3.673829524705535e-06,0.0002169597417721
C,9.800490024501225e-05,0,0
D,0.00015988420025661232,3.1853556446494576e-05,8.600338138463315e-05
E,0.0001607847096305029,2.481531351460097e-05,0.0008600372472885
F,2.000966048302415,2,2
G,0.02726481181718984,0.0307459080721104,0.0307459080721104
